Workbook

Sheet foxz

Sheet Bang 01
A1: Huyện Đình Lập | L1: Phụ lục 01
A2: BẢNG ĐIỀU CHỈNH GIÁ ĐẤT THƯƠNG MẠI, DỊCH VỤ TẠI ĐÔ THỊ TRÊN ĐỊA BÀN HUYỆN ĐÌNH LẬP, TỈNH LẠNG SƠN
B3: (Kèm theo Quyết định số 40/2022/QĐ-UBND ngày 23 tháng 12 năm 2022 của Ủy ban nhân dân tỉnh Lạng Sơn)
K4: ĐVT: đồng/m2
A5: STT | B5: Tên đường | C5: Đoạn đường | E5: Đường loại | F5: Theo Quyết định số 32/2019/QĐ-UBND ngày 20/12/2019 của UBND tỉnh Lạng Sơn | J5: Giá đất điều chỉnh
C7: Từ | D7: Đến | F7: VT1 | G7: VT2 | H7: VT3 | I7: VT4 | J7: VT1 | K7: VT2 | L7: VT3 | M7: VT4
J8: 0.8 | K8: 0.6 | L8: 0.4 | M8: 0.2
A9: A | B9: Thị trấn Đình Lập
A10: 1 | B10: Tuyến đường tránh Quốc lộ 4B (TT. Đình Lập - Quảng Ninh) (Đường 31-10) đoạn 4 | C10: Đầu cầu Khuổi Vuồng | D10: Đấu nối Quốc lộ 4B tại khu 3 | E10: II | F10: 2000000 | G10: 1200000 | H10: 800000 | I10: 400000 | J10: 2400000 | K10: =J10*0.6 -> 1440000 | L10: =J10*0.4 -> 960000 | M10: =J10*0.2 -> 480000

Sheet Biểu 02 (Bảng 8)
A2: Huyện Đình Lập | T2: Phụ lục 02
A3: BẢNG ĐIỀU CHỈNH GIÁ ĐẤT Ở; GIÁ ĐẤT SẢN XUẤT KINH DOANH PHI NÔNG NGHIỆP KHÔNG PHẢI ĐẤT THƯƠNG MẠI, DỊCH VỤ TẠI ĐÔ THỊ TRÊN ĐỊA BÀN HUYỆN ĐÌNH LẬP, TỈNH LẠNG SƠN
C4: (Kèm theo Quyết định số 40/2022/QĐ-UBND ngày 23 tháng 12 năm 2022 của Ủy ban nhân dân tỉnh Lạng Sơn)
R5: ĐVT: đồng/m2
A6: STT | B6: Tên đường | C6: Đoạn đường | E6: Đường loại | F6: ='Bang 01'!F5:I5 -> Theo Quyết định số 32/2019/QĐ-UBND ngày 20/12/2019 của UBND tỉnh Lạng Sơn | N6: Giá đất điều chỉnh
F7: =N7 -> Giá đất ở | J7: =R7 -> Giá đất sản xuất, kinh doanh, PNN không phải đất thương mại, dịch vụ | N7: Giá đất ở | R7: Giá đất sản xuất, kinh doanh, PNN không phải đất thương mại, dịch vụ
C8: Từ | D8: Đến | F8: =N8 -> VT1 | G8: =O8 -> VT2 | H8: =P8 -> VT3 | I8: =Q8 -> VT4 | J8: =N8 -> VT1 | K8: =O8 -> VT2 | L8: =P8 -> VT3 | M8: =Q8 -> VT4 | N8: VT1 | O8: VT2 | P8: VT3 | Q8: VT4 | R8: VT1 | S8: VT2 | T8: VT3 | U8: VT4
A9: A | B9: Thị trấn Đình Lập
A10: 1 | B10: ='Bang 01'!B10 -> Tuyến đường tránh Quốc lộ 4B (TT. Đình Lập - Quảng Ninh) (Đường 31-10) đoạn 4 | C10: ='Bang 01'!C10 -> Đầu cầu Khuổi Vuồng | D10: ='Bang 01'!D10 -> Đấu nối Quốc lộ 4B tại khu 3 | E10: II | F10: 2500000 | G10: 1500000 | H10: 1000000 | I10: 500000 | J10: 1750000 | K10: 1050000 | L10: 700000 | M10: 350000 | N10: 3000000 | O10: =N10*0.6 -> 1800000 | P10: =N10*0.4 -> 1200000 | Q10: =N10*0.2 -> 600000 | R10: =N10*0.7 -> 2100000 | S10: =R10*0.6 -> 1260000 | T10: =R10*0.4 -> 840000 | U10: =R10*0.2 -> 420000

Sheet Biểu 03 (Bảng 5)
A1: Huyện Đình Lập | J1: Phụ lục 03
A3: BẢNG ĐIỀU CHỈNH GIÁ ĐẤT THƯƠNG MẠI, DỊCH VỤ TẠI NÔNG THÔN TRÊN ĐỊA BÀN HUYỆN ĐÌNH LẬP, TỈNH LẠNG SƠN
B4: (Kèm theo Quyết định số 40/2022/QĐ-UBND ngày 23 tháng 12 năm 2022 của Ủy ban nhân dân tỉnh Lạng Sơn)
I6: ĐVT: đồng/m2
A7: STT | B7: Tên đường | C7: Đoạn đường | E7: Đường loại | F7: ='Biểu 04 (Bảng 6)'!F7:M7 -> Theo Quyết định số 32/2019/QĐ-UBND ngày 20/12/2019 của UBND tỉnh Lạng Sơn | I7: Giá đất điều chỉnh
F8: =I8 -> Giá đất | I8: Giá đất
C9: Từ | D9: Đến | F9: =I9 -> VT1 | G9: =J9 -> VT2 | H9: =K9 -> VT3 | I9: VT1 | J9: VT2 | K9: VT3
I10: 0.8 | J10: 0.6 | K10: 0.4
A11: I | B11: Xã Lâm Ca
A12: 1 | B12: Những thửa đất tiếp giáp đường ĐH.48 | C12: Cổng UBND xã | D12: Ngã ba đường bê tông rẽ vào thôn Khe Dăm (thuộc địa phận xã Lâm Ca) | F12: 200000 | G12: =F12*0.6 -> 120000 | I12: ='Biểu 04 (Bảng 6)'!N11*0.8 -> 240000 | J12: =I12*0.6 -> 144000
A13: ='Biểu 04 (Bảng 6)'!A12:U12 -> Bổ sung giá đất
A14: 1 | B14: ='Biểu 04 (Bảng 6)'!B13 -> Những thửa đất có mặt tiếp giáp với đường ĐH 48 | C14: ='Biểu 04 (Bảng 6)'!C13 -> Tiếp giáp thôn Bình Thắng | D14: ='Biểu 04 (Bảng 6)'!D13 -> Km 37 (thuộc thôn Bình Giang) | I14: ='Biểu 04 (Bảng 6)'!N13*0.8 -> 160000 | J14: =I14*0.6 -> 96000
A15: 2 | B15: ='Biểu 04 (Bảng 6)'!B14 -> Những thửa đất có mặt tiếp giáp với đường ĐH 48 | C15: ='Biểu 04 (Bảng 6)'!C14 -> Đoạn giáp xã Đồng Thắng | D15: ='Biểu 04 (Bảng 6)'!D14 -> Giáp thôn Bình Giang (thuộc thôn Bình Thắng, xã Lâm Ca) | I15: ='Biểu 04 (Bảng 6)'!N14*0.8 -> 144000 | J15: 86000

Sheet Biểu 04 (Bảng 6)
A2: Huyện Đình Lập | S2: Phụ lục 04
A4: BẢNG ĐIỀU CHỈNH GIÁ ĐẤT Ở; GIÁ ĐẤT SẢN XUẤT KINH DOANH PHI NÔNG NGHIỆP KHÔNG PHẢI ĐẤT THƯƠNG MẠI, DỊCH VỤ TẠI NÔNG THÔN TRÊN ĐỊA BÀN HUYỆN ĐÌNH LẬP, TỈNH LẠNG SƠN
C5: (Kèm theo Quyết định số 40/2022/QĐ-UBND ngày 23 tháng 12 năm 2022 của Ủy ban nhân dân tỉnh Lạng Sơn)
R6: ĐVT: đồng/m2
A7: STT | B7: Tên đường | C7: Đoạn đường | E7: Đường loại | F7: ='Biểu 02 (Bảng 8)'!F6:M6 -> Theo Quyết định số 32/2019/QĐ-UBND ngày 20/12/2019 của UBND tỉnh Lạng Sơn | N7: Giá đất đề xuất điều chỉnh
F8: =N8 -> Giá đất ở | J8: =R8 -> Giá đất sản xuất, kinh doanh, PNN không phải đất thương mại, dịch vụ | N8: Giá đất ở | R8: Giá đất sản xuất, kinh doanh, PNN không phải đất thương mại, dịch vụ
C9: Từ | D9: Đến | F9: =N9 -> VT1 | G9: =O9 -> VT2 | H9: =P9 -> VT3 | I9: =Q9 -> VT4 | J9: =N9 -> VT1 | K9: =G9 -> VT2 | L9: =H9 -> VT3 | M9: =I9 -> VT4 | N9: VT1 | O9: VT2 | P9: VT3 | Q9: VT4 | R9: VT1 | S9: VT2 | T9: VT3 | U9: VT4
A10: I | B10: Xã Lâm Ca
A11: 1 | B11: Những thửa đất tiếp giáp đường ĐH.48 | C11: Cổng UBND xã | D11: Ngã ba đường bê tông rẽ vào thôn Khe Dăm (thuộc địa phận xã Lâm Ca) | F11: 250000 | G11: 150000 | J11: 175000 | K11: 105000 | N11: 300000 | O11: =N11*0.6 -> 180000 | R11: =N11*0.7 -> 210000 | S11: =R11*0.6 -> 126000
A12: Bổ sung giá đất
A13: 1 | B13: Những thửa đất có mặt tiếp giáp với đường ĐH 48 | C13: Tiếp giáp thôn Bình Thắng | D13: Km 37 (thuộc thôn Bình Giang) | N13: 200000 | O13: =N13*0.6 -> 120000 | R13: =N13*0.7 -> 140000 | S13: =R13*0.6 -> 84000
A14: 2 | B14: Những thửa đất có mặt tiếp giáp với đường ĐH 48 | C14: Đoạn giáp xã Đồng Thắng | D14: Giáp thôn Bình Giang (thuộc thôn Bình Thắng, xã Lâm Ca) | N14: 180000 | O14: =N14*0.6 -> 108000 | R14: =N14*0.7 -> 126000 | S14: =R14*0.6 -> 75600
