Workbook
Name bookmark50: 'Phụ lục 01'!#REF!
Name bookmark64: 'Phụ lục 01'!#REF!

Sheet foxz

Sheet Phụ lục 01
A1: Phụ lục I
A2: DANH MỤC NGHỀ ĐÀO TẠO TRÌNH ĐỘ SƠ CẤP, ĐÀO TẠO DƯỚI 3 THÁNG ÁP DỤNG TRONG LĨNH VỰC GIÁO DỤC NGHỀ NGHIỆP TRÊN ĐỊA BÀN TỈNH CÀ MAU
A3: (Ban hành kèm theo Quyết định số 85/2026/QĐ-UBND ngày 15 tháng 5 năm 2026 của Ủy ban nhân dân tỉnh Cà Mau)
A5: STT | B5: Nghề đào tạo | C5: Thời gian | E5: Trình độ
C6: Tổng số giờ dạy | D6: Thời gian tối thiểu hoàn thành khóa học (tháng/khóa)
A7: I | B7: Lĩnh vực nông nghiệp, chăn nuôi
A8: 1 | B8: Kỹ thuật trồng chuối xuất khẩu | C8: 480 | D8: 4 | E8: Sơ cấp
A9: 2 | B9: Kỹ thuật trồng hoa kiểng | C9: 120 | D9: 1.5 | E9: Dưới 03 tháng
A10: 3 | B10: Kỹ thuật trồng trọt (trồng cây ăn trái, trồng lúa, trồng rau màu, trồng nấm, sản xuất giống cây trồng, làm vườn,...) | C10: 160 | D10: 2 | E10: Dưới 03 tháng
A11: 4 | B11: Kỹ thuật chăn nuôi (chăn nuôi thú y, chăn nuôi gia súc an toàn sinh học, chăn nuôi gia cầm an toàn sinh học, chăn nuôi động vật hoang dã, chăn nuôi chồn, chăn nuôi heo, heo rừng….) | C11: 160 | D11: 2 | E11: Dưới 03 tháng
A12: II | B12: Lĩnh vực bảo vệ thực vật
A13: 1 | B13: Kỹ thuật viên bảo vệ thực vật | C13: 360 | D13: 4 | E13: Sơ cấp
A14: 2 | B14: Quản lý dịch hại tổng hợp | C14: 440 | D14: 4.5 | E14: Sơ cấp
A15: III | B15: Lĩnh vực lâm nghiệp
A16: 1 | B16: Kỹ thuật nuôi động vật hoang dã | C16: 300 | D16: 3 | E16: Sơ cấp
A17: 2 | B17: Kỹ thuật viên lâm nghiệp | C17: 120 | D17: 1.5 | E17: Dưới 03 tháng
A18: 3 | B18: Kỹ thuật trồng, khai thác rừng | C18: 120 | D18: 1.5 | E18: Dưới 03 tháng
A19: IV | B19: Lĩnh vực nuôi trồng thủy hải sản
A20: 1 | B20: Kỹ thuật nuôi trồng thủy sản nước ngọt | C20: 360 | D20: 4 | E20: Sơ cấp
A21: 2 | B21: Kỹ thuật nuôi trồng thủy sản nước lợ, mặn | C21: 360 | D21: 4 | E21: Sơ cấp
A22: 3 | B22: Kỹ thuật sản xuất giống thủy sản | C22: 300 | D22: 3 | E22: Sơ cấp
A23: 4 | B23: Kỹ thuật nuôi tôm ứng dụng công nghệ cao | C23: 304 | D23: 3 | E23: Sơ cấp
A24: 5 | B24: Kỹ thuật viên quản lý môi trường nuôi trồng thủy sản | C24: 304 | D24: 3 | E24: Sơ cấp
A25: 6 | B25: Kỹ thuật nuôi tôm càng xanh (nuôi thâm canh, bán thâm canh, quảng canh nhiều giai đoạn, nuôi kết hợp, nuôi trong ruộng lúa, nuôi theo hướng hữu cơ …) | C25: 160 | D25: 2 | E25: Dưới 03 tháng
A26: 7 | B26: Kỹ thuật nuôi tôm sú, kỹ thuật nuôi tôm thẻ (nuôi thâm canh, bán thâm canh, quảng canh nhiều giai đoạn, nuôi kết hợp, nuôi theo hướng hữu cơ,....) | C26: 160 | D26: 2 | E26: Dưới 03 tháng
A27: 8 | B27: Kỹ thuật nuôi cua (nuôi cua nhiều giai đoạn, nuôi cua quảng canh cải tiến, nuôi cua bán thâm canh, thâm canh, nuôi cua kết hợp, nuôi cua hai da, nuôi cua lột, nuôi cua theo hướng an toàn thực phẩm,...) | C27: 160 | D27: 2 | E27: Dưới 03 tháng
A28: 9 | B28: Kỹ thuật nuôi động vật thân mềm, hai mảnh vỏ (nuôi sò huyết, nuôi nghêu, hàu, ốc,...) | C28: 160 | D28: 2 | E28: Dưới 03 tháng
A29: 10 | B29: Kỹ thuật nuôi cá (cá chình, cá bống tượng, cá chạch, cá mú, cá chim,...) | C29: 120 | D29: 1.5 | E29: Dưới 03 tháng
A30: 11 | B30: Kỹ thuật nuôi hải sản (nuôi trong ao, lồng, bè,...) | C30: 120 | D30: 1.5 | E30: Dưới 03 tháng
A31: 12 | B31: Nuôi tôm, cua, cá kết hợp - lúa luân canh | C31: 240 | D31: 2 | E31: Dưới 03 tháng
A32: 13 | B32: Kỹ thuật nuôi lươn, nuôi ếch | C32: 120 | D32: 2 | E32: Dưới 03 tháng
A33: V | B33: Lĩnh vực khai thác thủy sản
A34: 1 | B34: Thuyền trưởng tàu cá hạng I | C34: 150 | D34: 1.5 | E34: Dưới 03 tháng
A35: 2 | B35: Máy trưởng tàu cá hạng I | C35: 150 | D35: 1.5 | E35: Dưới 03 tháng
A36: VI | B36: Lĩnh vực thủy lợi
A37: 1 | B37: Công nhân quản lý và khai thác công trình thủy lợi | C37: 352 | D37: 4 | E37: Sơ cấp
A38: VII | B38: Lĩnh vực hợp tác xã
A39: 1 | B39: Giám đốc hợp tác xã nông nghiệp | C39: 311 | D39: 3 | E39: Sơ cấp
A40: VIII | B40: Lĩnh vực kinh doanh, thương mại, dịch vụ
A41: 1 | B41: Hướng dẫn viên du lịch | C41: 320 | D41: 3 | E41: Sơ cấp
A42: 2 | B42: Tồ chức du lịch (du lịch cộng đồng, du lịch sinh thái, du lịch tham quan, du lịch xanh, Teambuilding, du lịch khám phá, du lịch rừng, du lịch thôn quê...) | C42: 120 | D42: 1.5 | E42: Dưới 03 tháng
A43: 3 | B43: Kỹ thuật làm đẹp (thiết kế tạo mẫu tóc, chăm sóc da, kỹ thuật làm móng, trang điểm, nối mi,...) | C43: 180 | D43: 2 | E43: Dưới 03 tháng
A44: 4 | B44: Nghiệp vụ nhà hàng (lễ tân), khách sạn | C44: 180 | D44: 2 | E44: Dưới 03 tháng
A45: 5 | B45: Kỹ thuật pha chế, nấu ăn | C45: 180 | D45: 2 | E45: Dưới 03 tháng
A46: 6 | B46: Kỹ năng bán hàng | C46: 120 | D46: 1.5 | E46: Dưới 03 tháng
A47: 7 | B47: Nhạc cụ | C47: 300 | D47: 3 | E47: Sơ cấp
A48: IX | B48: Lĩnh vực chế biến, chế biến món ăn
A49: 1 | B49: Chế biến thủy sản | C49: 300 | D49: 3 | E49: Sơ cấp
A50: 2 | B50: Nữ công gia chánh | C50: 300 | D50: 3 | E50: Sơ cấp
A51: 3 | B51: Kỹ thuật chế biến mắm, khô thủy sản | C51: 180 | D51: 2 | E51: Dưới 03 tháng
A52: 4 | B52: Kỹ thuật chế biến và bảo quản nông sản | C52: 160 | D52: 1.5 | E52: Dưới 03 tháng
A53: X | B53: Lĩnh vực thủ công mỹ nghệ
A54: 1 | B54: Thêu máy - Thêu tay | C54: 360 | D54: 3.5 | E54: Sơ cấp
A55: 2 | B55: Đan đát (đan sợi len, đan giỏ quà, đan dây nhựa, đan dây chuối, đan dây lục bình, đan thảm, đan tre, lưới, lú, rập cua, đan và vá lưới,...) | C55: 160 | D55: 1.5 | E55: Dưới 03 tháng
A56: 3 | B56: Thủ công mỹ nghệ (kết cườm, kết hoa, làm hoa, cắm hoa, khắc, chạm, trổ,...) | C56: 160 | D56: 1.5 | E56: Dưới 03 tháng
A57: XI | B57: Công nghiệp xây dựng
A58: 1 | B58: Sửa chữa xe gắn máy | C58: 360 | D58: 3.5 | E58: Sơ cấp
A59: 2 | B59: May dân dụng | C59: 360 | D59: 3.5 | E59: Sơ cấp
A60: 3 | B60: May công nghiệp | C60: 160 | D60: 1.5 | E60: Dưới 03 tháng
A61: 4 | B61: Điện dân dụng | C61: 300 | D61: 3 | E61: Sơ cấp
A62: 5 | B62: Điện công nghiệp | C62: 300 | D62: 3 | E62: Sơ cấp
A63: 6 | B63: Điện lạnh | C63: 300 | D63: 3 | E63: Sơ cấp
A64: 7 | B64: Sửa chữa điện ô tô | C64: 300 | D64: 3 | E64: Sơ cấp
A65: 8 | B65: Điện tử dân dụng | C65: 300 | D65: 3 | E65: Sơ cấp
A66: 9 | B66: Cài đặt và sửa chữa máy tính | C66: 280 | D66: 2.5 | E66: Dưới 03 tháng
A67: 10 | B67: Kỹ thuật xây dựng dân dụng | C67: 160 | D67: 1.5 | E67: Dưới 03 tháng
A68: 11 | B68: Kỹ thuật sửa chữa, lắp đặt hệ thống nước dân dụng | C68: 160 | D68: 1.5 | E68: Dưới 03 tháng
A69: 12 | B69: Tin học văn phòng | C69: 300 | D69: 3 | E69: Sơ cấp
A70: XII | B70: Lĩnh vực sức khỏe
A71: 1 | B71: Kỹ thuật bào chế mỹ phẫm và sản phẩm handmade (Kỹ thuật làm son, nước lau sàn, làm nến thơm, kem đuổi muổi, dầu gội thảo mộc, nước rửa chén ….) | C71: 120 | D71: 1.5 | E71: Dưới 03 tháng
A72: 2 | B72: Kỹ thuật gội đầu dưỡng sinh - trị liệu tóc | C72: 120 | D72: 1.5 | E72: Dưới 03 tháng
A73: 3 | B73: Y học cổ truyền | C73: 120 | D73: 1.5 | E73: Dưới 03 tháng
A74: 4 | B74: Kỹ thuật điều dưỡng cộng đồng | C74: 120 | D74: 1.5 | E74: Dưới 03 tháng
A75: 5 | B75: Kỹ thuật massage mẹ bầu và chăm sóc phục hồi mẹ sau sinh | C75: 120 | D75: 1.5 | E75: Dưới 03 tháng
A76: 6 | B76: Kỹ thuật tắm và massage bé sơ sinh theo tiêu chẩn y khoa | C76: 120 | D76: 1.5 | E76: Dưới 03 tháng
A77: XIII | B77: Lĩnh vực diêm nghiệp
A78: 1 | B78: Kỹ thuật sản suất muối | C78: 315 | D78: 3 | E78: Sơ cấp
B80: Tổng danh mục có 59 nghề
B81: Trong đó:
B82: 1. Lĩnh vực nông nghiệp, chăn nuôi: 04 nghề
B83: 2. Lĩnh vực bảo vệ thực vật: 02 nghề
B84: 3. Lĩnh vực lâm nghiệp: 03 nghề
B85: 4. Lĩnh vực nuôi trồng thủy hải sản: 13 nghề
B86: 5. Lĩnh vực khai thác thủy sản: 02 nghề
B87: 6. Lĩnh vực thủy lợi: 01 nghề
B88: 7. Lĩnh vực hợp tác xã: 01 nghề
B89: 8. Lĩnh vực kinh doanh, thương mại, dịch vụ: 07 nghề
B90: 9. Lĩnh vực chế biến, chế biến món ăn: 04 nghề
B91: 10. Lĩnh vực thủ công mỹ nghệ: 03 nghề
... B94: 13. Lĩnh vực diêm nghiệp: 01 nghề

Sheet Phụ lục 2
A1: Phụ lục II
A2: MỨC HỖ TRỢ CHI PHÍ ĐÀO TẠO NGHỀ TRÌNH ĐỘ SƠ CẤP, ĐÀO TẠO DƯỚI 03 THÁNG ÁP DỤNG TRONG LĨNH VỰC GIÁO DỤC NGHỀ NGHIỆP TRÊN ĐỊA BÀN TỈNH CÀ MAU
A3: (Ban hành kèm theo Quyết định số 85/2026/QĐ-UBND ngày 15 tháng 5 năm 2026 của Ủy ban nhân dân tỉnh Cà Mau)
A5: STT | B5: Tên ngành nghề | C5: Thời gian | E5: Mức đào tạo đồng/người/khóa
C6: Tổng số giờ dạy | D6: Thời gian tối thiểu hoàn thành khóa học (tháng/khóa) | E6: Đối tượng 1 | F6: Đối tượng 2 | G6: Đối tượng 3 | H6: Đối tượng 4 | I6: Đối tượng 5
A7: I | B7: Lĩnh vực nông nghiệp, chăn nuôi
A8: 1 | B8: Kỹ thuật trồng chuối xuất khẩu | C8: ='Phụ lục 01'!C8 -> 480 | D8: ='Phụ lục 01'!D8 -> 4 | E8: 4800000 | F8: 3380000 | G8: 2535000 | H8: 2112500 | I8: 1690000
A9: 2 | B9: Kỹ thuật trồng hoa kiểng | C9: ='Phụ lục 01'!C9 -> 120 | D9: ='Phụ lục 01'!D9 -> 1.5 | E9: 4800000 | F9: 2514000 | G9: 1885500 | H9: 1571250 | I9: 1257000
A10: 3 | B10: Kỹ thuật trồng trọt (trồng cây ăn trái, trồng lúa, trồng rau màu, trồng nấm, sản xuất giống cây trồng, làm vườn,...) | C10: ='Phụ lục 01'!C10 -> 160 | D10: ='Phụ lục 01'!D10 -> 2 | E10: 4800000 | F10: 2760000 | G10: 2070000 | H10: 1725000 | I10: 1380000
A11: 4 | B11: Kỹ thuật chăn nuôi (chăn nuôi thú y, chăn nuôi gia súc an toàn sinh học, chăn nuôi gia cầm an toàn sinh học, chăn nuôi động vật hoang dã, chăn nuôi chồn, chăn nuôi heo, heo rừng....) | C11: ='Phụ lục 01'!C11 -> 160 | D11: ='Phụ lục 01'!D11 -> 2 | E11: 4800000 | F11: 3338000 | G11: 2503500 | H11: 2086250 | I11: 1669000
A12: II | B12: Lĩnh vực bảo vệ thực vật
A13: 1 | B13: Kỹ thuật viên bảo vệ thực vật | C13: ='Phụ lục 01'!C13 -> 360 | D13: ='Phụ lục 01'!D13 -> 4 | E13: 4800000 | F13: 3380000 | G13: 2535000 | H13: 2112500 | I13: 1690000
A14: 2 | B14: Quản lý dịch hại tổng hợp | C14: ='Phụ lục 01'!C14 -> 440 | D14: ='Phụ lục 01'!D14 -> 4.5 | E14: 4800000 | F14: 3380000 | G14: 2535000 | H14: 2112500 | I14: 1690000
A15: III | B15: Lĩnh vực lâm nghiệp
A16: 1 | B16: Kỹ thuật nuôi động vật hoang dã | C16: ='Phụ lục 01'!C16 -> 300 | D16: ='Phụ lục 01'!D16 -> 3 | E16: 4800000 | F16: 3160000 | G16: 2370000 | H16: 1975000 | I16: 1580000
A17: 2 | B17: Kỹ thuật viên lâm nghiệp | C17: ='Phụ lục 01'!C17 -> 120 | D17: ='Phụ lục 01'!D17 -> 1.5 | E17: 4800000 | F17: 2818000 | G17: 2113500 | H17: 1761250 | I17: 1409000
A18: 3 | B18: Kỹ thuật trồng, khai thác rừng | C18: ='Phụ lục 01'!C18 -> 120 | D18: ='Phụ lục 01'!D18 -> 1.5 | E18: 4800000 | F18: 1620000 | G18: 1215000 | H18: 1012500 | I18: 810000
A19: IV | B19: Lĩnh vực nuôi trồng thủy hải sản
A20: 1 | B20: Kỹ thuật nuôi trồng thủy sản nước ngọt | C20: ='Phụ lục 01'!C20 -> 360 | D20: ='Phụ lục 01'!D20 -> 4 | E20: 4800000 | F20: 3990000 | G20: 2992500 | H20: 2493750 | I20: 1995000
A21: 2 | B21: Kỹ thuật nuôi trồng thủy sản nước lợ, mặn | C21: ='Phụ lục 01'!C21 -> 360 | D21: ='Phụ lục 01'!D21 -> 4 | E21: 4800000 | F21: 3990000 | G21: 2992500 | H21: 2493750 | I21: 1995000
A22: 3 | B22: Kỹ thuật sản xuất giống thủy sản | C22: ='Phụ lục 01'!C22 -> 300 | D22: ='Phụ lục 01'!D22 -> 3 | E22: 4800000 | F22: 3990000 | G22: 2992500 | H22: 2493750 | I22: 1995000
A23: 4 | B23: Kỹ thuật nuôi tôm ứng dụng công nghệ cao | C23: ='Phụ lục 01'!C23 -> 304 | D23: ='Phụ lục 01'!D23 -> 3 | E23: 4800000 | F23: 4000000 | G23: 3000000 | H23: 2500000 | I23: 2000000
A24: 5 | B24: Kỹ thuật viên quản lý môi trường nuôi trồng thủy sản | C24: ='Phụ lục 01'!C24 -> 304 | D24: ='Phụ lục 01'!D24 -> 3 | E24: 4800000 | F24: 4000000 | G24: 3000000 | H24: 2500000 | I24: 2000000
A25: 6 | B25: Kỹ thuật nuôi tôm càng xanh (nuôi thâm canh, bán thâm canh, quảng canh nhiều giai đoạn, nuôi kết hợp, nuôi trong ruộng lúa, nuôi theo hướng hữu cơ …) | C25: ='Phụ lục 01'!C25 -> 160 | D25: ='Phụ lục 01'!D25 -> 2 | E25: 4800000 | F25: 3744000 | G25: 2808000 | H25: 2340000 | I25: 1872000
A26: 7 | B26: Kỹ thuật nuôi tôm sú, kỹ thuật nuôi tôm thẻ (nuôi thâm canh, bán thâm canh, quảng canh nhiều giai đoạn, nuôi kết hợp, nuôi theo hướng hữu cơ,....) | C26: ='Phụ lục 01'!C26 -> 160 | D26: ='Phụ lục 01'!D26 -> 2 | E26: 4800000 | F26: 3938000 | G26: 2953500 | H26: 2461250 | I26: 1969000
A27: 8 | B27: Kỹ thuật nuôi cua (nuôi cua nhiều giai đoạn, nuôi cua quảng canh cải tiến, nuôi cua bán thâm canh, thâm canh, nuôi cua kết hợp, nuôi cua hai da, nuôi cua lột, nuôi cua theo hướng an toàn thực phẩm,...) | C27: ='Phụ lục 01'!C27 -> 160 | D27: ='Phụ lục 01'!D27 -> 2 | E27: 4800000 | F27: 3938000 | G27: 2953500 | H27: 2461250 | I27: 1969000
A28: 9 | B28: Kỹ thuật nuôi động vật thân mềm, hai mảnh vỏ (nuôi sò huyết, nuôi nghêu, hàu, ốc,...) | C28: ='Phụ lục 01'!C28 -> 160 | D28: ='Phụ lục 01'!D28 -> 2 | E28: 4800000 | F28: 4000000 | G28: 3000000 | H28: 2500000 | I28: 2000000
A29: 10 | B29: Kỹ thuật nuôi cá (cá chình, cá bống tượng, cá chạch, cá mú, cá chim,...) | C29: ='Phụ lục 01'!C29 -> 120 | D29: ='Phụ lục 01'!D29 -> 1.5 | E29: 4800000 | F29: 3902000 | G29: 2926500 | H29: 2438750 | I29: 1951000
A30: 11 | B30: Kỹ thuật nuôi hải sản (nuôi trong ao, lồng, bè,...) | C30: ='Phụ lục 01'!C30 -> 120 | D30: ='Phụ lục 01'!D30 -> 1.5 | E30: 4800000 | F30: 3922000 | G30: 2941500 | H30: 2451250 | I30: 1961000
A31: 12 | B31: Nuôi tôm, cua, cá kết hợp - lúa luân canh | C31: ='Phụ lục 01'!C31 -> 240 | D31: ='Phụ lục 01'!D31 -> 2 | E31: 4800000 | F31: 4000000 | G31: 3000000 | H31: 2500000 | I31: 2000000
A32: 13 | B32: Kỹ thuật nuôi lươn, nuôi ếch | C32: 120 | D32: 2 | E32: 4800000 | F32: 3338000 | G32: 2503500 | H32: 2086250 | I32: 1869000
A33: V | B33: Lĩnh vực khai thác thủy sản
A34: 1 | B34: Thuyền trưởng tàu cá hạng I | C34: ='Phụ lục 01'!C34 -> 150 | D34: ='Phụ lục 01'!D34 -> 1.5 | F34: 4500000 | G34: 3000000 | H34: 2500000 | I34: 2000000
A35: 2 | B35: Máy trưởng tàu cá hạng I | C35: ='Phụ lục 01'!C35 -> 150 | D35: ='Phụ lục 01'!D35 -> 1.5 | F35: 4500000 | G35: 3000000 | H35: 2500000 | I35: 2000000
A36: VI | B36: Lĩnh vực thủy lợi
A37: 1 | B37: Công nhân quản lý và khai thác công trình thủy lợi | C37: ='Phụ lục 01'!C37 -> 352 | D37: ='Phụ lục 01'!D37 -> 4 | E37: 4800000 | F37: 4000000 | G37: 3000000 | H37: 2500000 | I37: 2000000
A38: VII | B38: Lĩnh vực hợp tác xã
A39: 1 | B39: Giám đốc hợp tác xã nông nghiệp | C39: ='Phụ lục 01'!C39 -> 311 | D39: ='Phụ lục 01'!D39 -> 3 | E39: 4800000 | F39: 4000000 | G39: 3000000 | H39: 2500000 | I39: 2000000
A40: VIII | B40: Lĩnh vực kinh doanh, thương mại, dịch vụ
A41: 1 | B41: Hướng dẫn viên du lịch | C41: ='Phụ lục 01'!C41 -> 320 | D41: ='Phụ lục 01'!D41 -> 3 | E41: 4800000 | F41: 3930000 | G41: 2947500 | H41: 2456250 | I41: 1965000
A42: 2 | B42: Tồ chức du lịch (du lịch cộng đồng, du lịch sinh thái, du lịch tham quan, du lịch xanh, Teambuilding, du lịch khám phá, du lịch rừng, du lịch thôn quê...) | C42: ='Phụ lục 01'!C42 -> 120 | D42: ='Phụ lục 01'!D42 -> 1.5 | E42: 4800000 | F42: 2400000 | G42: 1800000 | H42: 1500000 | I42: 1200000
A43: 3 | B43: Kỹ thuật làm đẹp (thiết kế tạo mẫu tóc, chăm sóc da, kỹ thuật làm móng, trang điểm, nối mi,...) | C43: ='Phụ lục 01'!C43 -> 180 | D43: ='Phụ lục 01'!D43 -> 2 | E43: 4800000 | F43: 3618000 | G43: 2713500 | H43: 2261250 | I43: 1809000
A44: 4 | B44: Nghiệp vụ nhà hàng (lễ tân), khách sạn | C44: ='Phụ lục 01'!C44 -> 180 | D44: ='Phụ lục 01'!D44 -> 2 | E44: 4800000 | F44: 3434000 | G44: 2575500 | H44: 2146250 | I44: 1717000
A45: 5 | B45: Kỹ thuật pha chế, nấu ăn | C45: ='Phụ lục 01'!C45 -> 180 | D45: ='Phụ lục 01'!D45 -> 2 | E45: 4800000 | F45: 3520000 | G45: 2640000 | H45: 2200000 | I45: 1760000
A46: 6 | B46: Kỹ năng bán hàng | C46: ='Phụ lục 01'!C46 -> 120 | D46: ='Phụ lục 01'!D46 -> 1.5 | E46: 4800000 | F46: 2818000 | G46: 2113500 | H46: 1761250 | I46: 1409000
A47: 7 | B47: Nhạc cụ | C47: ='Phụ lục 01'!C47 -> 300 | D47: ='Phụ lục 01'!D47 -> 3 | E47: 4800000 | F47: 3990000 | G47: 2992500 | H47: 2493750 | I47: 1995000
A48: IX | B48: Lĩnh vực chế biến, chế biến món ăn
A49: 1 | B49: Chế biến thủy sản | C49: ='Phụ lục 01'!C49 -> 300 | D49: ='Phụ lục 01'!D49 -> 3 | E49: 4800000 | F49: 3600000 | G49: 2700000 | H49: 2250000 | I49: 1800000
A50: 2 | B50: Nữ công gia chánh | C50: ='Phụ lục 01'!C50 -> 300 | D50: ='Phụ lục 01'!D50 -> 3 | E50: 4800000 | F50: 3600000 | G50: 2700000 | H50: 2250000 | I50: 1800000
A51: 3 | B51: Kỹ thuật chế biến mắm, khô thủy sản | C51: ='Phụ lục 01'!C51 -> 180 | D51: ='Phụ lục 01'!D51 -> 2 | E51: 4800000 | F51: 3018000 | G51: 2263500 | H51: 1886250 | I51: 1509000
A52: 4 | B52: Kỹ thuật chế biến và bảo quản nông sản | C52: ='Phụ lục 01'!C52 -> 160 | D52: ='Phụ lục 01'!D52 -> 1.5 | E52: 4800000 | F52: 2628000 | G52: 1971000 | H52: 1642500 | I52: 1314000
A53: X | B53: Lĩnh vực thủ công mỹ nghệ
A54: 1 | B54: Thêu máy - Thêu tay | C54: ='Phụ lục 01'!C54 -> 360 | D54: ='Phụ lục 01'!D54 -> 3.5 | E54: 4800000 | F54: 4000000 | G54: 3000000 | H54: 2500000 | I54: 2000000
A55: 2 | B55: Đan đát (đan sợi len, đan giỏ quà, đan dây nhựa, đan dây chuối, đan dây lục bình, đan thảm, đan tre, lưới, lú, rập cua, đan và vá lưới,...) | C55: ='Phụ lục 01'!C55 -> 160 | D55: ='Phụ lục 01'!D55 -> 1.5 | E55: 3600000 | F55: 2724000 | G55: 2043000 | H55: 1702500 | I55: 1362000
A56: 3 | B56: Thủ công mỹ nghệ (kết cườm, kết hoa, làm hoa, cắm hoa, khắc, chạm, trổ,...) | C56: ='Phụ lục 01'!C56 -> 160 | D56: ='Phụ lục 01'!D56 -> 1.5 | E56: 4800000 | F56: 2726000 | G56: 2044500 | H56: 1703750 | I56: 1363000
A57: XI | B57: Công nghiệp xây dựng
A58: 1 | B58: Sửa chữa xe gắn máy | C58: ='Phụ lục 01'!C58 -> 360 | D58: ='Phụ lục 01'!D58 -> 3.5 | E58: 4800000 | F58: 4000000 | G58: 3000000 | H58: 2500000 | I58: 2000000
A59: 2 | B59: May dân dụng | C59: ='Phụ lục 01'!C59 -> 360 | D59: ='Phụ lục 01'!D59 -> 3.5 | E59: 5640000 | F59: 4000000 | G59: 3000000 | H59: 2500000 | I59: 2000000
A60: 3 | B60: May công nghiệp | C60: ='Phụ lục 01'!C60 -> 160 | D60: ='Phụ lục 01'!D60 -> 1.5 | E60: 5640000 | F60: 4000000 | G60: 3000000 | H60: 2500000 | I60: 2000000
A61: 4 | B61: Điện dân dụng | C61: ='Phụ lục 01'!C61 -> 300 | D61: ='Phụ lục 01'!D61 -> 3 | E61: 5640000 | F61: 3772000 | G61: 2829000 | H61: 2357500 | I61: 1886000
A62: 5 | B62: Điện công nghiệp | C62: ='Phụ lục 01'!C62 -> 300 | D62: ='Phụ lục 01'!D62 -> 3 | E62: 5640000 | F62: 3772000 | G62: 2829000 | H62: 2357500 | I62: 1886000
A63: 6 | B63: Điện lạnh | C63: ='Phụ lục 01'!C63 -> 300 | D63: ='Phụ lục 01'!D63 -> 3 | E63: 5640000 | F63: 3772000 | G63: 2829000 | H63: 2357500 | I63: 1886000
A64: 7 | B64: Sửa chữa diện ô tô | C64: ='Phụ lục 01'!C64 -> 300 | D64: ='Phụ lục 01'!D64 -> 3 | E64: 5640000 | F64: 3772000 | G64: 2829000 | H64: 2357500 | I64: 1886000
A65: 8 | B65: Điện tử dân dụng | C65: ='Phụ lục 01'!C65 -> 300 | D65: ='Phụ lục 01'!D65 -> 3 | E65: 5640000 | F65: 3772000 | G65: 2829000 | H65: 2357500 | I65: 1886000
A66: 9 | B66: Cài đặt và sửa chữa máy tính | C66: ='Phụ lục 01'!C66 -> 280 | D66: ='Phụ lục 01'!D66 -> 2.5 | E66: 5640000 | F66: 3772000 | G66: 2829000 | H66: 2357500 | I66: 1886000
A67: 10 | B67: Kỹ thuật xây dựng dân dụng | C67: ='Phụ lục 01'!C67 -> 160 | D67: ='Phụ lục 01'!D67 -> 1.5 | E67: 4800000 | F67: 2726000 | G67: 2044500 | H67: 1703750 | I67: 1363000
A68: 11 | B68: Kỹ thuật sửa chữa, lắp đặt hệ thống nước dân dụng | C68: ='Phụ lục 01'!C68 -> 160 | D68: ='Phụ lục 01'!D68 -> 1.5 | E68: 4800000 | F68: 3520000 | G68: 2640000 | H68: 2200000 | I68: 1760000
A69: 12 | B69: Tin học văn phòng | C69: ='Phụ lục 01'!C69 -> 300 | D69: ='Phụ lục 01'!D69 -> 3 | E69: 4800000 | F69: 3772000 | G69: 2829000 | H69: 2357500 | I69: 1886000
A70: XII | B70: Lĩnh vực sức khỏe
A71: 1 | B71: Kỹ thuật bào chế mỹ phẫm, sản phẩm handmade (Kỹ thuật làm son, nước lau sàn, làm nến thơm, kem đuổi muổi, dầu gội thảo mộc, nước rửa chén ….) | C71: 120 | D71: 1.5 | E71: 4800000 | F71: 4000000 | G71: 3000000 | H71: 2500000 | I71: 2000000
A72: 2 | B72: Kỹ thuật gội đầu dưỡng sinh - trị liệu tóc | C72: 120 | D72: 1.5 | E72: 4800000 | F72: 4000000 | G72: 3000000 | H72: 2500000 | I72: 2000000
A73: 3 | B73: Y học cổ truyền | C73: 120 | D73: 1.5 | E73: 4800000 | F73: 4000000 | G73: 3000000 | H73: 2500000 | I73: 2000000
A74: 4 | B74: Kỹ thuật điều dưỡng cộng đồng | C74: 120 | D74: 1.5 | E74: 4800000 | F74: 4000000 | G74: 3000000 | H74: 2500000 | I74: 2000000
A75: 5 | B75: Kỹ thuật massage mẹ bầu và chăm sóc phục hồi mẹ sau sinh | C75: 120 | D75: 1.5 | E75: 4800000 | F75: 4000000 | G75: 3000000 | H75: 2500000 | I75: 2000000
A76: 6 | B76: Kỹ thuật tắm và massage bé sơ sinh theo tiêu chẩn y khoa | C76: 120 | D76: 1.5 | E76: 4800000 | F76: 4000000 | G76: 3000000 | H76: 2500000 | I76: 2000000
A77: XIII | B77: Lĩnh vực diêm nghiệp
A78: 1 | B78: Kỹ thuật sản suất muối | C78: 315 | D78: 3 | E78: 4800000 | F78: 4000000 | G78: 3000000 | H78: 2500000 | I78: 2000000
